-- ===========================================
-- USUARIOS
-- ===========================================
INSERT IGNORE INTO usuario (id, nombre, correo, password) VALUES 
(1, 'Sergio', 'sergio@mail.com',  '$2a$12$PcOqrSIcs8x.w6IcyzLG8umdIsR6rF7Yt8uAFk3rNar9wBztvIDA2'),
(2, 'Laura',  'laura@mail.com',   '$2a$12$8NX4SdKZX0t3m9Qi.PMaLucW5uhbujE4Baa08gjJr9bo3WzBKOW86'),
(3, 'Carlos', 'carlos@mail.com',  '$2a$12$eX4r7hT7b3xv4u9kC1T3YOpw1j/8Y89zN/zt7pR6cuzj7S1nJvLhC'),
(4, 'Ana',    'ana@mail.com',     '$2a$12$dY8j9T7v3o1b5wL7kT6pZunY8o/2P4VhZk7rR0Q5b9p2Lk8uYvF9O'),
(5, 'Lucía',  'lucia@mail.com',   '$2a$12$e8J9o7R3xU6bF0Q9lK5pGuq4P7hX3V8mN6tA5yR2lJ9qQ1hT6bS5y'),
(6, 'Miguel', 'miguel@mail.com',  '$2a$12$kQ3lM7pN5vA8zL2oP6dQxU1nC8yJ9tR3wL5bH0pS8fD2rG7tZ6cE');

-- ===========================================
-- LISTAS
-- ===========================================
INSERT IGNORE INTO lista (id, usuario_id) VALUES 
(1, 1),
(2, 2),
(3, 3),
(4, 4),
(5, 5),
(6, 6);

-- ===========================================
-- PELÍCULAS con URLs de imagen
-- ===========================================
INSERT IGNORE INTO pelicula (id, nombre, sinopsis, imagen) VALUES
(1, 'Inception',        'Un ladrón que roba secretos corporativos a través de sueños.', 'data:image/jpeg;base64,/9j/4AAQSkZJRgABAQAAAQABAAD/2wCEAAkGBxMTEhUTExIWFhUXGCAYFxgXGR0bGBoYGiAaHhgdGh4YHSggHx4lGx0aITEhJSkrLi4uHR8zODMsNyguLisBCgoKDg0OGhAQGy8mICUvLy8tLS0tLy0tLS0tLS8tLS0tLi0tLS0vLS0tLy0tLS0tLS0tLS0tLS0tLS0tLS0tLf/AABEIAREAuAMBIgACEQEDEQH/xAAbAAACAwEBAQAAAAAAAAAAAAAEBQADBgIBB//EAEoQAAIBAgQDBQQHBAcHAgcAAAECEQADBBIhMQVBUQYTImFxMoGRoRQjQlKxwdEHYuHwFSRDcoKSsjNTc6LC0vE1YxYlg5Ojs8P/xAAZAQADAQEBAAAAAAAAAAAAAAABAgMABAX/xAAwEQACAgEDAgMHBAIDAAAAAAAAAQIRAxIhMUFRBGGBBRNxkaGx8CIyweFC0RQV8f/aAAwDAQACEQMRAD8A+S3LDXLoYSpJmRrt9oEc6f8AAbHe38z6j624/mAr6/GDTnsxwtZcuJW3hHY/3gEA/E1l+A45rTYi08y1i5bQxszRE+RA+dejpWKVPqeYp+9jt0/tHXAsUV7+2wObJCmOQYEg+4A+6lz4Pw/7WfLIfxrR4fCm3Ya5ML3mTXl4V19PEKS3MHAJzAggcx69fdQcWlTDHIrcltwCHCnk4PuahsXYK5ZPtbb8jHOtbibWGDW+6YMhVMy+KVYKouA5tTLZzoSNq87U/QTi7Jtg/Qw4DqneZhbkFtbvikifhoalJKi2OcnLfgyi4dhoCfhVTKwInn5CthcxGGXE2e7OWzNvv+771UaGm53YuMboXL1MzmjlQfHLeFe/Z7rvUsRbFwsGZkGueJnNlWACNDA0FI0kisG26M61qJ1rgWhBOaDyEb78+Vae79C+nq6qwwbOjOjBs6rp3iaMWMGYIY6EazXgGDOOJCRhCPZIuEA91pmCsbkd9uAxIGgJGpLS7BTfBk69itAVwYxxJVhhPEBmFzLmyHKSA3ed33sGJz5POguNpaN5jhVPdfZ0aJCrny5yWy58xAYzETrUaLU+AOzhwyzrsToOlV4i2FIgzImtT2bTCnC3ReE3wWNvS5mHgIWMpCD63KWzg+HNGtKeJ27SJbEsbwd+85fVRa7uJ0kt33yp3FaSSb1UKEJBBHIzXoOu1Pu0FnDtiAMNlWyearelVLGDcF0ks4SM2TwztXvFjgPpto4fvBhSUzq4YOoDZX2Yk5lGfQ/bjSIC1SKNCB64IrTNcwJxyP3DpgpGZTnJMLqR4iwBbWMxPn0pvNgzjLvdqRhij92vjnN3R7vc5h9dlMSY2lhqVaDTM/THhmHIe2x0B268x+Rpn2eXBCze+lI3ea5dLk5cj5e6yHKH73JPeSuWY10N3E0AGGYCAVQj4D9apiim77EPEScUo1zf2PcEf6jiE5peU/EifkDS5hmwAPNMQR6B0n8VNG4Ma4y395Qw90x/qqrh1ucLjF6d3cHucgn4NVpK69Uc8HTb80/nQRxG6Fx1m7yuLaf3MAp/A17QXHvFh8Hc/wDba2f/AKbafI1KDzuDaoD8Ks0U2+Nvkx/2W45mwvEFuOO9eyiWhAEhnKvEf3kqvEcONrDXcRqUS5bQgnXcmJ56RvSm2gt2ExJtwr3NCP3CuYAx5fzFa29ez8LtlVEYjEu+VvuW7YTcfvc6tB3Hm5PgnkVStKor+gTFxe4fa7sxna4x6ghlAB84T51l12gOfj/GtBft/RrFtUTKXAY5pM5lBnfpFZ+5a02rSt7vkEGlaXHQdnjbW8ls4bClgACWtkkkDdiG1ncxE1fb4oXWTgsEcw3NsyJG8lt/z9aU8Sym8hDAiVmDPqKcYXgaMAwY50kATAg9fnS6E2PLNJRW4NZxjWbQBw2FfIurPbLO2+pObfX5VW/HWuqV+g4Yrr7NtgRM7FW0gH86ZY+xa7m4PELmRjBncClHAB9W8byPwrPHFsMM81BsYYvEBgQMPhkzBvZsCRmkAjMTBE6eg85GsY0W0UfR8M2UAFmtAswE+0c3Pma9xFtysBsrddD7qXXbhClX32nSNdaLhHsJHNlu9Re3aFUYqMDhCJ+0jMdlGkv5D35j9o0LgOPd0gT6JhrkFtXtktqTuQwkaxHQD1pbihLmOo/KvMnXq1R0I7lklSbY04f2iNt3KYTDMbjl4ZCcuaPCsMPCIMA9a94hxu5duW7hwmGXIZyi0Mr6RDyZIGpiedLcJZEqc0GYiJ+c+dMb9hgQrKVnqCDp09+lFY00Tnmp7BN3tKwEfQMENf8AdGdZn7W06iNooDBcd7trrnCYW53hBAe34bcBhFsAiBqJ65RURQRAgg66jz/Wg8VhcqEkRSvCktho523UhuO1gJ/9PwUaCO6O+n72lDXMe/em4LGHCllY2haTu/DAgSCwBjUA8z1pdwy3LT0pjdIEaiaEMaa3NkzSUqQWeMNcU2hgsIC6lcwQ5x4YzA5twBO28nnXvF7BOCsNzVYPugflVuF4eynD3mOj3IA8vZ+Gp+FGYa3n4Y3Vc498n9aLioJ1+cE3klklG+j/ANi3hag4oH/eWQf+VSf9Jrns7bOe/a5vhrij+8oBHzU15gGi5gn6rk98uv5iruGkW+J2wdjdZfdczD8GFMn9/uJXPw+1i8kvw4f+3iPgrr/3CvKv4bhyMPj7JOqZW/8AtuQa9qUldNnTj5kl3++4+4+Et8I4bYcx3i3Ls+bNKz5Qay+Ixd21ZtWkuMR4nA6G4EkL5HKv8miu2HGlxFvBKqlRZwy2ip5MpIJHkQAabdt+FquIw9q0wW5bsWVbrmyKcxHPlTp9uUSaSpy4bdmg7X4VzfyImYW1VNtBlRB+INImwt0f2S+8D9a3HD+KXsqXO7FzvnZrzKYywQoYKeUg6+UU74jw84i2MjEAjYAQYIOp33FdGqjjUL3R8cxdh8y5lAI8QgATFX2+MYlDmVbfvDfk1artVgSt3CK2v1d0eWgJ099AcT4cYGS1OuoDRp11rLcO6oS38fir8qbKM2XdFYkK3XxGueD8OuByjpeCx4siAmY8OjDbetB2Xw8Yq6Ij6lNP8RrVHDiQ+2U5dpEtAHlSNlqPnd3CYYMUzX84bVciiFHtbxLbEbb6xtXGM4bhikC5iJkaFUiJ1OnPKT09+1GthR9PvoTsCZ2Ewh/Ou34eSxIAJ12I6etFRvqJLI4vZIz9qzge8ZGu38oOhCqT9iQQRvmz69AumtXWsNgiPHdvAy+wEbtl+zzAtztEn0C6/Zi420yf9VWFJ+Ln5A0mku8nkMrWDwhK5bmINuCSe7TMHkAASNsvz6bEfCfRjIe7iVfxQAFaTL5AYGn2ZidS21HcLsk2lCmGIPSYkydfKguGWoxdsCJDadCYOtFw25FjlttNItwuGw2Vc9zFho8WVF3IEgSBHizddI1NKeLWDnK2muPa0guIaeYOg5zWmFmAGjxHxSQI1PMCBvOnlSu3fYNoPt5dtCD7oHPl7qOiuoqzpvZIQWC49kc9dYry6X5j5/xpi1wi7ekf2rA/EzFWsAcwjago31KSyU+B9fv/APy3AXD9lyP8l2B8hV+AtRhcYn3MQ3w8H8arGH7zggI/srtz/uppw63mbiK9Qtwf4gx/IVJv89P6A1T9f5MTbeMPhX+5eYH3MjfnRnaO33WNW50dH+GX81NDXLU4S+v+7xPyZWH/AE007c257q59+0p+E/8AeKMXd+geJfMD4+VsY7G2yqsLgcANO75XWIG4JEVKB7YY/vcQt0EZms2i2WQA3drI13I2PnPSvKjOVsvCNJFHGsIbWKNq9pkYK0dJ1j3cq1jNbxnaCQQ1pnkEbFLdqRHlC0jx7tiuI3VVQzNeuFPMAsQPgK77E4xLWLuvcOVhZvC3P+8KMAPIxPv0qnXbuT/xp9jYcC4limTLh7IcKIJAJIDEsJ8QG88qMu8R4hZRnbDZVkZpBgToI8XOl/7NOOIrtZK+K6sWyTALpMKdPtSdfKOdaftM2IGEvm6gWHTIQZ0zrp8dZ0rovc46cVuY/E8Sv4m5bIQMyZsoXmGENOtU8Ts4y5lzYbbaCRvHn1irMBiu5xLOF6gAQBJA110pnd4sHA7yyXImWzhZ1B5ei/CmaBGRnnxGMwz96yd0XXJqAcwXXnOuv4UV/wDEd9mt/Wyd2iyhKn93TXl0rnjOKzhXCFCCSXDDUEkjaOu80P2dUtePmD/qWlofW7AMW157j3GBZm3JSAYiNIjkPhRVzE5Ae5ssjfeCQeUiQK1uMwZ7tsoGaPDppPKgLuFujDz3Ya90AmdeQG/hrUZtMxlxWmWBncz6zV7pI06ufdAP4VZxAubqhhHgBIiIOY12y6afeufCF/KsZujnC3HS2WA8OYLJaACdgPWaHZ7iX5CxcUxA18W3oa1nZbAC5h3W6gILSB5aQfXekNxFtYt5mEdt9TsY99Y10DHFYgf2ba8+7XT/AJdKj4nEBSSrADmUEA+uXzpq/F1ac2ffTKvIdZoXGY5SmVWfQiMw00Cjxa76dKItrsIe8cEnSWMknmTqfnXLYh/3fhWm7J4ZWa5ImAI0HXlOxrziNrMxEF/rICx/f2jyG9bTsP71XVB/ZgTwfFqf980f4kUfjTHss+bEXBzu4K2/wVQfmaYYfCoMBiLSDS2qwJ+87MT8xSjsO/8AWcGfv4Jk/wAjkfglc75/PMu3aszWDWbXEF/4b/Mg/wCqje0oB4bgrv7nd+8AfnboXgqnv8baPPD3PjbKn/pNc4/Du/CbD5iUt3XXIEmGLMczPyEMBHMmlbrby/kZK3f5wY9jUrsoMoM6yZEctIM/H4VKidJrf2ZieIG8f7K1evH3I35mlnCbbPbvXgulsLnPkxIB+MD+dPOzXFfowxMoW77DXLAIPsm5GvmNI99MOEDJwnFvzu4i1a9yLcc/Mirwe6OfJFNP0R5wvClrKkaMNQfOnWHxVtlAYXC3MZxEjeATQ/Bk+rT0onEWcuoMKxE84Yey0c4P4kczXQnRxy3ZUS2YsVBaZ021o98e7AfVJH7qn5wdffWm7hO7drmGUBVtnMJAbOyBspgToTB8/KrOy+HH0RiiyZbKCdJGwPvoyltYIY7dGHxpdlIKADyU/mxobhuKa3cOS2WYLEa67H7PpW9xF7Ph3DDuroRiyfeABBidcskGao/Z/gIxiXA6n2zruJVoHLrS6tmxtFSSQpw5x1xRct4MkSRvG0cmIO9d3n4iilzgoUAkmZ0jXQNrpyr6HwvDYhbqm475IbRrhcTlG8uTGaYBnketXPYud25tpatXiDlcFTOxmep8RgikciyifDcVnd8zoUaAIMzAMz4teZq/u4iPvXB7oUVqP2hq30wKzZ2FpJYc+sxAmZOgA8hSUpEc/FcHyUVRcIhLlneB+lsuTCIzAKHuEAbycup29nYb61Vf4Ji+8bEXcK0au4ERHPmTFbHszw8jC5yJV71hes5XOYEf4hWw4hg0GGxMKBKPqBHI1Nzp0WjiUo35Hwu7i7R/syOsPv8AFTQ964pEKpHq0/kK+p8Hx1l4R7dkfZQBFzNAkEqRMbaz7q77Q4S2cLcy2kByEzlURAPMAVS96IadrPmvB7t22HZLZIIALTlCjqCRrsesVpeG4XuLlwXlGZ7LqpLAxcdD7Jic0FgTH2vOtBg+HtZw2HzLmK4csUC7sXusFII31AM1n8FhbmI4n47RtpmdSA7MMwtufFm55o1/eIqMs3KR0RwVTYb2TuZsLiZ52Qf8lqx+bUk7JtlvcO/4mItfAuQP+cU77D2+9Rk64cz/AMyf/wAazPZtzkwlz7nE8vuuizP4Gll3/ORo8UVYWyV41dt8na+h9GW4R+VCJjU/ovEYfvSr/SQ4tgTnUhdz9lQwmdyR603499V2gQ8jft//AJFQH5sayXEOGO13EIgB7tyYjUgEgx6b60k+fn/BSP59RI51qV7bXr09fzr2plxjg7C3UZRdVbpPhVvCrCOTHwhp5GAZ3q9sU64P6MwAXvjd/ezEBCD7l/GlwAW2rg+OdBE/ek66aQPj5U0FtXSwo3jx69ASPTTL8qvDdnPN18/sObGIyqAATAAgennpR2Cx6vKEEGNVYQY/MeYobDoAKrx9kkB09tNR59QfI1WzjS7mr7N4hGz4e9cfwDNb8cJkBB2OkqR6Ry0pnc4WFtqi3bqKpJBBWTPMmI/kVgrj96iuntbr113Hv2r6rw97uImLaSbfjRwSkeEEabjTnymmTA+xnL5JuMrXnholTlk+Qk6D0FF3MHZdO7uIWA1GwPppGlZ+9Y7zGAi42kNooIQTEE7gEzr5it5w9bndXCijJEOSTOx216GmewFuZ632dwrAZ0A1yrBI+Jnfzr2/2SwKgtcUqoE5i5gGQBOvMmm8gI7BQSniiQNROu3T8KScR4oLttka2QGA/tOhDfc6ilsdKzMY3BW0ujuf9mUB0JPizEHUmeQou3dywDr4rg+Siq3tgQFBgdTP2h5DrVpXafvXPjC/nTChPZ/iuJQtbtFW7xlyB1BVQqsxMHYiAf8ADT69i+IMrIb1iGBBhRqDI+76Us7OW1Xu2YkMXgAKTpAG429oj406/pCybqQ4hSZd3tjSNIysZ35jQedTaVlYylpqyrhFtrLlsqHSPaA5j92KNuYo3Va01sZXRxCmQD3blZAXaQB8KHsY8Zhmv2Y8c+MdfqyI303o/gQw4uoqXEljAGYEyVy6a9K0uGwwW6QZxnFwqdWzAe7X86zGP4vbs4zOrAw3eEbkZ1HKfvKB6NTrtLYbLh7g1C95mXbMSqAAHluaxf8AQ927xG0962gUPYZgoI0YrE+Iyxtgk+e1cipK0dk226Gn7LFP0nIRCyUB5FZxjH4FgKx/Cz3WFxE/2GMs3D6RdB+aVveyKBMe1saBb99fhcsAf/uNY/F4eDxmz0ZSP8F5k/B6q+GRXKOf2xHueKJcHJbdz/KSP+mg7dhn4liFTN9arFgpiVZlZwNvsk7nYGi/2unvXw14/bsL8jP/AF1hMXjmLZhKnUSpgmSZmN9DHwpZPhjU3sj3FKLV1gGghmUkAMAJI06+uleUGXPXc6/z7zXtJZXSWX/ZURBEz+VOsGpF1QRGkx5ZUAPvGvvpVdWYB/jH5imfDHJaTuFAnedTH4fKrw2Zz5X+kZ4LGK4OU6gwR/PKi2fSstw3DumIUNpv6EQfzp3hMYtyY3BIIpoSvkjkhXHB3wnS6bY++Co8mP6zX0PAJbAfvHa2cgjKxGY6yDAPMDpvXz3Ap/WU1gEGT/d1/Wvo+DEWrn9XNzwwLmTMLZg6klTG4O42FUjwRdt2YfCm22MAFrwTqSjTnGxnbfnX0LC2k7pybjAz7AOjbbjnz+FYbhZuHGMTG0MofZdgcsb/AITW+sx3DfUEktpdy6D2dM0eo350WErwDAllIJVlgjmd9B6iRXZ4NZZoFm4on7ROog8w2mvP061VgvZZjoADrtppmO/934mkuK4/iVICukL7MrJ1HMzr76DV8DQlXIqbCsLz6+DMcg8syxrRD24ifv3PwX8664fjS7ZWUeE6N1JZdDR9wp4Zj27nLyXpTCozmGxz2YEI3i7xSwJKzlECCButBZ4HL4mtVwvhma2zNkclpBYCFTKPCJ5A6+89arxPDLT92wVE8kKsDqJ1G9KmM4uiodk8TmIAtmDBIZokGNPDJ9wo/s7wa6mNsA5JFxGMMTK5hJGkHpTG72pIuXFFoQtxh7W+p/d06xVvDOMh8XZc2hmDqgOdtAWjQbczSu6GSimMu0r/AFGHHW6B/m7v+NZrtlxc2L1qEMwjAifFkJCjwmdgQegI862PHMOGsWSfsXFI9RP6VluJ9nLRuWrmU5jh2YsSSS5Y21JM6mK5I8HdO2znsvh7i49mu6N3/jXo7NZuMfeLfypXxu1l4pxNP95ac+/vLVwfnWj4reycRxRA2uI49Ww+Jb8QKzvaBX/pa4H0a5af49zmHzAqvN/Ag9q+Im7fW82AwFzpayn1yp+hrA8SVRkyzrbUkEgiTOaOgnl619H7UJm4Nh2+7dZfgbwH4Cslxfh5+h4ZnDKyZkeR7IZmZBBO8HUASNJiRKP9pWOzMwTUrspEGZE8vL1FSkKjN76scpADcmH/AFUVwm2Rm9eXpSq0fGTTfhjQs7Sa6YuzjyrTGkMo5nlWf4OxBd/u22Pvmn98/Vsf3T+FKuztoN3gIkZQD75rS5QmPaEmPuyrrecOVMqDpyzQAeWogmvo+Es4gYS86ui2ZhwR4ifANPDt4hzHOsD2ZwxtErbEqSJ0mAT/AA3rT4hgE9o5SCWHLn+QFO06QlrU6E3BMGBiC3esWEiCB4gesCNxpz0rethr/wBERywFkMYAJBJJjxaaiRprXz/svkN58oUROUiZjXqfStwy/VCLhPVOQPikgTtoNY3NaXT4mj1+BVhDltOw5ZjPmAJGnlr7qYDs7YdA9xSpYAs0+EmNMpDaCJ0/Sl/eImGuG42VTIbXaRCnTzMVp8Dg0uYI2gW9lfa1Yeev860JyaGxRTMC2DyXWVR4e8bJ/dzqF157VY1mQkj7b/gtG31KXcgMwxAJ65h+fnV2HMlAds7/AICqNk0uRA/DcXdtp9HfLlTx+IqPw8jQmI4TibSo19gRPhhiddzy0rYYW7aS3F0SrxoRI8OvSqOMcTQ2wECmGEKynQQ067fd05Uib1FZRWi7BcJibCqgexmcgMzSNnOg1cax5UZgMfhhcRlssCWGWTbgS4j7c6Qf/MVXa4lYBTOil8ikjw67gbgn/wACsv2j7QqWC2VFoDTwKJ89Y0OvyoPsLaW5v+2PHbNmwEdvH38BRqfDmnQa8wPeKRds+0uHtrbtBsxClCQuYgMZjaJkE7mNqxHGlZrIjMbatOZySC4Z1bKSJmYnnttSfG538ZQ5AcoymYJ1iTrJ3/mKhpSLvJJs3dnHfSMQL7XbZa4qFlT94FACDsVDRz50b2zAHGsO3JrYJPIBldST0AAma+dYmzfsNadNBctq6joBHlO6g/DWjeE9pr13EhncmEVVOpjIZXUyYB11O5HQVo7yozdR+pr+LYG5Z4QFeQyXlfpGZ+XP7R108uRpHxizcOCdLiBkFwG3lAlGKkNmbzMnINo1ynfR9trl1cH3Vxte7zOJzGVIYSf8pj8dK+b/ANLXvDYzxZhmyAQCwUmT1OgjpWW0fUL/AH+gq43w42rhAIa3mbJDTIB19CYqVTxHBm2RzVgCDsPEAY91eUrLx4KbTCelGYvSyo6n8jQaj3/jTZUBUDoKtFWqIZZU0zvhWNZbTMxLBSAOsafrTXh5tsGe3pPtevn8aU4uyEsEDmw/L9Kssgrh5Egm5uPSnVrYi6knJdzW8DtksTmgaaTE78ufOnOJvLAhSWC+IfeMttr0KjltSvsrhCyC5ILDQg6EyJ05e6rO0vaRg6Whb9i0EUyRHiYzBFNd8EtNXYX2eulyQbWWNc0DU6Agwx/maf2bR1nz5/DnWN7EnMbiarscymDO3SK2XD0AzQxOnSD6zRao12ecTsA4ZlOkiOsgyPj/AApz2c4l4Ltpf7O0oUkDWFB5GCI29KXcUYd0VOuo+bba/wA/GieGLDXiVAiBvoRlg/MkVOfBXHsxSgLXSzECXlQNwCZ10660dZKDJ/xH+ECgbZzPI0kiPKS3Pyoi2NE/4jfgKcmgjguD757i3kHdplyHxDcOX1BE7D0jlNecU4SpFy2lqGBlXzNEeEwZ09kt7xVmExBW2oW4EJeCSyjQZ9s3urjGYy5kuzf0jSHXXlpGu3Sl3sptpoU8Yu9xhVUkZ9RIPUmOnKvmvEPGZJ1kz+nTbbrW746o7m2LpPiYw0+zsDOY+h5evTF8TsJLe0CAOYI1AkkjTXU8tK1k3yh3ib6PZxCsZU3SUbNMln1kkzmGm/2XEnYhdhR3qJg0YMXxA+seVGuRVCiCy6GTp+FV4bEsiX1v5iLy7N7eZXU5tY2IHrJHIxWGtqqEXQB3sskjOAEt5WWRz8aE6jwjTaYONnQmC9ouG9yy53zo0F2QAT98CNCQAJaNzSvBXgl5LgdYzCfDHglZ0Ijbp0NaDtEjkYVXcMCh+qII7soJyuYzExAk81J2pd2u4eLDBVe2xzPbZLVtwlsoRCh3H1hMk76e8UlllE2GFwxuWeIEHN9a7AmSYuIPf9msJgk7y5ZE+0SvvYQPmYr7j2P7L3UPEAy/VXLVoWm5MVR85HvI+FfNP2U4iy2It4Z7CNeuXPBcuTltgIxIgGc0rpBXcyToKWLeloZw3TE3FkDWcI5UeJWUmN8rOg/AVK1X7Qeyv0LDWMPmzw93K3VSxZJ211103mpVo/tuiMtpNaqPminX1p1bFJLR1HrTiw5PKqYxPELgtxlpmQBRMGT6a0z4P4bQBGsmQfWgExKAhSYJrvHY3IsqRJMfrVDni5Uo0bDs87ZHVWVQHGWZgErE7xEGPfS3jVzvHm5GdfCQo00Os6byY8tqz+B47dUwCIJ1BAIPqD5U+s42VZifExVmM6wWGb0liTG1Ik1Kys1+lJh3YhcrXJ6L+da7hzJrlB9/8KymExQzHxFZ25daa8Kcn+0IOmxFUbsklQ44sF7uSwAJE69DI38zTLgd1Ha4N1zFZPMRoOu2nxrP3JZsjwwBkFt55eVM+F4ci2xHtF5I8vDJjy33qc1sVxv9RyuCi6wAAQ3NIEALLx8qOsYeO7nX6xtPhQ+HtHNP735fxorC2z4P77flRYELrnBVuXhcbVQT4dgIzazO8xTS7w5IaF8OWXJbYTpy6+YrvEJlt3CeWb8K5u27YtOAsZtCSzHY8hOh05UjkVjBJWfPeI8Qd5RdRnMITodNNZ06aRM1jsVckyp11kfHfrpFavjWFRbjKCR4fCW8Ouw6zr09ZgGslcaJJMs0jXkDGs+fiFPscyQfxPEC9aIW3lyMzydXhsgXM5MtEAAxzPuSXUUd2c0z7WUeIAb76TWzw/Zy3fsXbvesWtlADoZUqCRpI8PNzuSBAnTI4yyid4rEyICkRyOsjf2Z22IHWkTR0K7Qfxfj964bCo+ZbCMqMZ1NwDvixIBMsT/Gr+P4fDW0SzYbvRbhhezXBOYeIZHYqDmgyANhTDtJawwuO9oAqLwF0LsSGveyRAju+70Xm2+lNP2h8Iw+HQLYQKMqvO7HMxG55eVTWm0Um5U/Ie/sx7b3HUYVlAWzZCqZOviVdeQhTXzzsU1u1xVe8OTJefxlsoTILkz1B23G1XnimJtYW0bNq2oytmuHKrE5xtJBJ8KDQnnWNxt52uO7+2zF2iNyZkR60jjuysJNxSZ9A7YcSF23aAv3buV2JN4jvCSACdh4QVMeREmdBK+bsxOpMnzqU8cmlUTnh1O2zu2YIJ2plZxagaz8P0paVrpVoxbXA04KXJbjLgZpBkRRmGuswC7k6AbknYadaDWzTDhCOt62UUlwwKgbkyIFUjd2TlppI5FgrchlKkbg6EU0tYxoZBqAAJ9NdPhTDtXwko6XCyMWUC5kkhbgnQkjxSseIdCOWqqzhzuOnSadbkMsq2G+Cl4LHzH4/pWn4Cyh1tswVmMW5B8ektEnWJG1ZpsIPo9s85k+kb++rlxzYbxKVJt6gHVczEbfrWaYsWuptsRYZ1Ny2AQpIJGkEaGQfxE70NbvOvssSkazoNhP5VnuGYp79sXEQ5iSGy7T/Ea0/VGYqWVpESxDEaTvG/uob9TM13AGzjWJnn6Ut4U94442jcLW1BLo2TwtG6ZFBiYGs6MOYovDtKqwaywU5nZFbMvPWNxtymffXysY6+73OLC9lY3nFpNj3YIHLSPEqRzAboanTboupKMbaPq/GBbvMLOZlBbXTU+7U8jyqjAG4E1S4ADozLmzAXBqGEaxrNK+x/Erl6z9JZVElkYjaRsFG48La++quO9o+5yBWYsxIGXxEZVYkQTA1Cj31qfAVJchfGsGltLl3u8ttboBtuofNmUarKoVMgbE6gba188xtu0RcZPYLNbQEGMvIkbg+yZ1M77Vt/paYnCs5vFZh40AJ6nfbkTWZSx3bko+R1OjCNOUgkdPxpok8kty/stj1a1fw6W3Ny5btBFWBBWO8+1PiIJ0H2TrpSHFcBDDEd8Gt3Fym2sTOYkSSDCjQTMnpROB4iFuvDMpaVJB1ZjmAJgfePLTXnQ2CupaDm94hoCp1ARCpBEEHyAmK2hpsKyRddyllP8AR9rPet21RmUDKXYt3jkmBMiCfajYUNxvivfrN3E3rrBYJIRFInwhEViFA8h7hSBsU1x2DQxuOWkDXM3T38quODKowII1GhEGpKLbLSklz5C8OBtPrz/hXLmdfdVhwxyltIHnqfQV4UOXUUKZS0UipXTDavaFUNZfbsFx4eXnRlvh7+VThkrP1bNPuHzpsHuHZEX1Mn5frXVjgqs4c2aSdKqA7XDn8qNwqHDutwkSDp5cp+dWIjHe6f8ACAP1/Gq8RZMP4i2UZtd46b+RP5VRxpbHOstvdmgvIrWl72dWzDkZI5czQwwgLDKpKCNCIPMn2oFC8J4gzWyGI3BnmTr+vyor+kwNtaMY2hMk6lQ5SwWEGAu0Ty86xvF8YWu3hplLBRP7mhaBvrO/U+56vEGPOPTekWOwwuYkKDllCZ5Ewx5DmRRlEbDNNs3nYF1t2CJWSxJYHfQRPSByrZ4bH+fv0r5l2c4hFldYygr8P4RTE8WJ0G1I4Whlkpmy7Wdo+7wOJIaPqmUEb5nBVd/MivhVu4wsROhA09JI+ZJ9TWu7TLexFq6i+xbVWAjVn1mD0CkGskhBVQNiY+cVKMUmzocnKK+J9I/Z+VuYW7ZuZsovB1IMQ+UT7tBodDNBdtcCMOyXu98OqqDOaSZMFRAEdY2I6V1wCbWHM+07m5pyBAAHwFDcWx4drKvqouTB1BhW0NPovckslOmOOyOMZcLlyqysxLBkVgwbxCTGb2SBvyimT8SIcutmyMxk+GddPvEwNNh51mOzuNVLbprlW46p1AB03350Rdxo60fdJiyztMQYy3lxQbKCDeDFBOi58xBjYET7qW9vMWhvZbNtbSFFlULEEyxM5tfu/Cnl7Eg3fMLP4j86yvaxQbquBGYQddyIn03HwpMkaVlfDzTlXqA8Gw/eXUQaMXEEmAANTJ+FbLiOBWYGaDy7xSPwis/2fsF1Y5oCmFBExME/lpRt20wEZlPu1/CtijSB4idzrseDgl15NtJVYDGPDoep3Jgba67Vouy/ZVGxNtb9hWtMfrC5Ggg7ENI1iI+dZpceUyqWmZgSYEa6QecmqsRxFtwYAEHUzqapUa3FvI2q/wDSvi3ZzF2yc+EYAblFZlHvUkVKFfHgAhLt0TurHMPXQD8K8qTjB/iOpPJ+WEWmPM0SlwDekpxh5aV7buE7mqqRGWBvkfDGqK9OKJkARO9KUNWG8RtHvp9RH3C6BOB0BB5H3cx+VMMNaLGFG2p5ADqSdAPWkNjEFdwfX3yedGWcZOmYx0oQlsbLibbY8uhVgB8x5kDwj0J1PrA99LruJUX7ZDbAg+8HSuRiB1rw3pp2yEI6W3RZhr+R7iyMrHMuvNvaEeon/wA02s3aSmKss3yvnQ4DJW7NSMR4Y6ivm9oFbiq26uA3uatdbx0xSHtPhMr27g170THPMpy/MZT8ajl2VnV4Z23E2nfkiKUcSEkQYIMj3T+teW8X86rv3Zq9HDbsGw1xrebmCxb0nU+tFW8eZkGCNaDuXKHZqHBTTq3YwuXJLNs5jYDLA5Ry6yKUccbRCRs38/hV4vedU424GtsPKfhSTScWkWxJqabPOD4kZWjTxE/GIotsTSXhzgTrvFEtdHWlxybiiuXCtbYY1xTuPlQt+0jAiSJ8/wBaHuXSKpN81nXUeGJrdM5v4eDoQalRr01Kk8cWdKcq3Kq6Vqlu0TrsOp2rprigQok/eI/AVlKgvsdC/Xve0NNezRWQGhBQueddZxXQwH9X7/N9rLlj5zNX4Xg7XLBvKZIJ8EawN4M/KleeC5fWjoj4DNJ1GP8Ajq6cd/65KBe86uTEVwMD9QL+bdsuWPnM/lRPDuG50NxnCWwYzHmfIUffRSu/IT/gZZSUVHdq+nHe+F6naXqvW+I1ofG4VUClbiuDtG+nlTC1gFCo7XVXMJAI6j186Pv4JJ3z5Mj/ANXnlOUElcd3+qNb8b3X1B0ua6fKheJm67Wz3ZyoNPPWSdNv4Ud3v1oRWVgSBmA6xynlR9zDNmhbiFwPZggnr9qly5oUk358B8P7O8TJyeOKdOv3Lnst9/SxAuIYfYceoJq8Y3kdD570Tg7ocsrOiHMIBGpPlqPKh+McOVSzd8C8iUAg8vM8tab38VLTe/wZl7Nyzxe+0rT31L7XfoVvfFUtdrm9w4rZW7nnMSIjaJ5z5VbgeFl07y5cFtJgE6k+gmi88Urb8vUbH7OyykoRW9aunD3tvhepQ1yqrhkaz8fyoriXDTbUXFcXLZ0zDkfOphuEtcsG6rSQT4I1IG8GflFK8+PTbexVez8+twUd0r6cd139LFjLG3xr21dK9CDuCJ/iPdRTYH+ri/m3bLlj5zNAZqVTi+BcmKcK1rlX6MJNsN7Bg/dJ19x5/jQ7SN9K5mrhiJEOMw5H7Q9/5Gs52SpopmpXrgToZFSptjkuXS2/uHIVzXlSls1HtSvKlawj5f8A08/8X9KJwGMa1g1ddxd26jmKzE1ZZvZZ0BkEeISBIiR5jkak8d7PvZ6MPaDhJSiqahp5+vH0NTxp7bYTNb9lrgaOhMyPjVOEt/SMKtpCM9tpKkxI12+NJ/6S1nubPtZoyaezliJ2+1661XYxmX+ztnUnVevmDMDkKMcbSpPrY0/aKyZHOUNnHS0nXna223+IdjeHPZCl2WT9kHUetaNFc2rOS2j+ATnjTQbVkjjZZm7tBmTLEaDQeJddG038zR+Dvd5IFq0Ig+wfvFo35+z6aVaWKWRK3uvzuRweOx+GlOUYPTJJc7qn3cWt/gXFGXFLmAU51MLsJjaj+I8Rt2rsi3Nw6ZidBMcvhQX0U6iLRkGJTaSTpr7vQCrMRb8ROW3qQQMmggg+EToORrZMNtX2olD2p7uMliVNy1Jum1s1ttz5qhUh+vTzdfxFX9om/rFz/D/pWi4a2091YuScxFxJGgcZRBnL45id0U8qDvY023Vmw9g/Vd3lykqTEd4RP+05zTJPUpeVEYeIT8P7nu07+Ca/kIxT/wBSs/3z+L1d3X0nD21tsM9vdSYnz/nzoBOOARGFwxAKmCjGcqFIMtsZzHqwBqnAcVFpQO4sXIJOa4pLHMIgkMNBuOhmkcHWz3tv5nZHxq1fqjcXBQavtW6dbbrzGGMt9xhWsuwNx2DZQZygEb/5fn5V3gcY1rBrcXcXduo5il540MsfRcPMMM2Qz48uvtbrEg8pPWl+MxPeMWyqsx4UGVRAA0A01ifUmpvHap97Y69oOE9UI1UdMd911u+rv4Gk449tsIGt+y1wNHQkGR8aylSalDHDQqI+M8V/yZqdVsl+f6PaleVKc5D2pXlSsY8q/CugJzrm6fH9KoqyzZLGBHvMUUB8Bnf2SYFs6/z1pvYwSqTCrr6nr1FKcJZKGWCEc5Kk+6TTEXx09dU6eutUj5kJ9kXsgIEIusD4+7rUWJjKswDy5k7adRVFnGKWy5DMeUQPf/M179KAJ+rPn7PLXr5mmsSmS1YCIZUEAEnmdANpHPfWurmFDmSikctwdN9hQ9m5AIKsepOU9NN9vKusPiw85UJA/ujf1NZNBafJLmBQMBlXYnc6gR+oNXWcKFIIUDQ8zrEdRXguGT9X1E+GRoNPa9PlQwurdLZZUgdY19AfT5U10Cm+oyuGIBC+IwPgfKu76TuBv+h6eVDKo0kDSN49OlEFdFGk6En4UG9xKo5xIy65Q2pgCOevPyrgJmA8A9Of4Va6g7qP0j3eYoG9jFtgBlksJEAba6Gay2QUm+C1rWZWUKo5A/A9K8surAFQh0EjTzPIb8qHvYglTltuGmQcum/ODty91V2LrA+Kz09lfjPuoah9LoPWz42lViF5bbz9n0rxmRYDKkkeWpgfu+dUvipI+pff7o89Pzri9iA8EWm3BnKNgQT8QKzaAou9y8WxnnKNRlA8xJJ2qXiFP+zB9I5dZqi1xNDsjaDaB+te/TF0m03wHPL5+R+NC0Gn1KH4pbJB7vbyFL8bfDsCBGkfM9KNOFF10VFyCIJIGpEnluYoTiOD7p8pIOk0krKx0p11BalSpSFSVZYvFTIqupWMF/0hc6j4VP6QfqPgKEqUbYuldh/wrFYfJmvGLmcgxnzd3C6IB4M05ozaTE6UcMRw8kyDoy+Im7qpHjiCSWB2nLv5SclUrWbSjWC9w7KDrPhJE3QdjmCwWAM6akx1Nc2bmBWArDLkE5u+Vzc0knu5XLHSTmnlWWqVrNpNFg8Thm7lbjlZYG8570wuuYAKSNYA0E609Q8FBzK7gFgSJvBxbKEFFIBGdboDGfCQdzywFSs2wpJGutYzANgbhJdMZqUAN0qPGSIlss5coknYTBaqcVjMGLilDcKZwGDNcju8viYQQdzEfu9DAy4r1q1gcUalcTgyjDO6uSoktdIVSq5ygXeGmA3TfauXxGAadDGViuc3cwJNshTlZhpN2I0gLJmsxXNazaUabGXcER9W7J9YNR3hbIT4oUkqIGu7EmPZ2Fgu8PMwXHhYqH7zKHb2VbIc3hiJEyDrqNctXlazaTZ8JPC2S4Lz3FYu4RgXlLZ7oW2AmGyk3jl3I8yKJxlrhTJdyXHR2ANoFmZbRVEJVzPizvnUkAxoRFYOpR1A0eZou1gwSlPoRMeLvJLTM6ZZJHdkeyPbH2taQd63U/GuKlBsZKjvvW+8fjXjuSZJJJ5mualAJKlSpWMe1KlSsYlSpUrGJUqVKxiVKlSsYlSpUrGPRUNSpWMSvKlSsYlSpUrGJUqVKxiVKlSsYlSpUrGJUqVKxj//2Q=='),
(2, 'The Matrix',       'Un hacker descubre la verdad sobre la realidad.', 'https://encrypted-tbn0.gstatic.com/images?q=tbn:ANd9GcRfSjSWOCaw5dnDL2GT1zFd9RMCgUGw5Q2Cfg&s'),
(3, 'Interstellar',     'https://www.imdb.com/title/tt0816692/'),
(4, 'The Dark Knight',  'Batman enfrenta al Joker en una batalla por Gotham.', 'https://m.media-amazon.com/images/M/MV5BMTMxNTMwODM0NF5BMl5BanBnXkFtZTcwODAyMTk2Mw@@._V1_FMjpg_UX1000_.jpg'),
(5, 'Avatar',           'Un humano se infiltra en la raza Na\'vi en Pandora.', 'https://m.media-amazon.com/images/M/MV5BMDEzMmQwZjctZWU2My00MWNlLWE0NjItMDJlYTRlNGJiZjcyXkEyXkFqcGc@._V1_FMjpg_UX1000_.jpg'),
(6, 'Pulp Fiction',     'Historias entrelazadas de crimen en Los Ángeles.', 'https://m.media-amazon.com/images/M/MV5BYTViYTE3ZGQtNDBlMC00ZTAyLTkyODMtZGRiZDg0MjA2YThkXkEyXkFqcGc@._V1_FMjpg_UX1000_.jpg'),
(7, 'Titanic',          'Una historia de amor en el trágico naufragio del Titanic.', 'https://m.media-amazon.com/images/M/MV5BYzYyN2FiZmUtYWYzMy00MzViLWJkZTMtOGY1ZjgzNWMwN2YxXkEyXkFqcGc@._V1_FMjpg_UX1000_.jpg'),
(8, 'Avengers: Endgame','Los Vengadores se enfrentan a Thanos para salvar el universo.', 'https://m.media-amazon.com/images/M/MV5BMTc5MDE2ODcwNV5BMl5BanBnXkFtZTgwMzI2NzQ2NzM@._V1_FMjpg_UX1000_.jpg'),
(9, 'Joker',            'La historia de cómo Arthur Fleck se convierte en el Joker.', 'https://m.media-amazon.com/images/M/MV5BZGZlMjhiODktYTY4MS00YmIyLWJhZTItZmRiZDczZjI5ZTYyXkEyXkFqcGc@._V1_.jpg'),
(10,'Gladiator',        'Un general romano busca venganza contra el emperador.', 'https://m.media-amazon.com/images/M/MV5BYWQ4YmNjYjEtOWE1Zi00Y2U4LWI4NTAtMTU0MjkxNWQ1ZmJiXkEyXkFqcGc@._V1_.jpg');

-- ===========================================
-- CATEGORÍAS
-- ===========================================
INSERT IGNORE INTO categoria (id, nombre) VALUES
(1, 'Ciencia Ficción'),
(2, 'Acción'),
(3, 'Drama'),
(4, 'Crimen'),
(5, 'Aventura'),
(6, 'Romance'),
(7, 'Superhéroes'),
(8, 'Terror'),
(9, 'Animación');

-- ===========================================
-- PREGUNTAS
-- ===========================================
INSERT IGNORE INTO pregunta (id, frase) VALUES
(1, '¿Cuál es tu género favorito?'),
(2, '¿Cómo te sientes hoy?'),
(3, '¿Te gustan las películas de superhéroes?'),
(4, '¿Prefieres historias de crimen y misterio?'),
(5, '¿Te gusta el romance en las películas?'),
(6, '¿Te da miedo ver algo de terror?'),
(7, '¿Te gustan las películas animadas?');

-- ===========================================
-- RESPUESTAS
-- ===========================================
INSERT IGNORE INTO respuesta (id, nombre, pregunta_id) VALUES
(1, 'Ciencia Ficción',        1),
(2, 'Acción',                 1),
(3, 'Drama',                  1),
(4, 'Terror',                 1),
(5, 'Animación',              1),
(6, 'Feliz',                  2),
(7, 'Triste',                 2),
(8, 'Emocionado',             2),
(9, 'Sí',                     3),
(10,'No',                     3),
(11,'Sí',                     4),
(12,'No',                     4),
(13,'Sí',                     5),
(14,'No',                     5),
(15,'Un poco',                6),
(16,'Nada',                   6),
(17,'Sí',                     7),
(18,'No',                     7);

-- ===========================================
-- RELACIONES ManyToMany
-- ===========================================
INSERT IGNORE INTO categoria_pelicula (categoria_id, pelicula_id) VALUES
(1, 1),(1, 2),(2, 2),(1, 3),(3, 3),(2, 4),(4, 4),(5, 5),(1, 5),
(4, 6),(3, 7),(6, 7),(7, 8),(2, 8),(3, 9),(4, 9),(2, 10),(3, 10);

INSERT IGNORE INTO pelicula_lista (lista_id, pelicula_id) VALUES
(1, 1),(1, 2),(2, 3),(3, 4),(3, 6),(4, 5),(5, 7),(5, 8),(6, 9),(6, 10);

INSERT IGNORE INTO respuesta_categoria (respuesta_id, categoria_id) VALUES
(1, 1),(2, 2),(3, 3),(4, 4),(5, 5),(6, 5),(6, 2),(7, 3),(8, 3),(9, 7),
(11,4),(13,6),(15,8),(17,9);
